Product,Price,Duration,Availability
Sony PS5 - Disc Version,"Rs. 4,836",4 Weeks,In Stock
Macbook Pro - 4th gen,"Rs. 1,920",12 Months,In Stock
Macbook Air - M1 Chip,"Rs. 3,158",12 Months,In Stock
Dell Latitude 7450,"Rs. 2,134",12 Months,In Stock
Dell Latitude 5470,"Rs. 1,778",12 Months,In Stock
HP Elitebook 'Touch' 840 G3,"Rs. 3,698",12 Months,In Stock
Dell Latitude 3490,"Rs. 2,276",12 Months,In Stock
PS5 Controllers + Games,"Rs. 2,632",4 Weeks,In Stock
Dell Inspiron 14 5430,"Rs. 2,987",12 Months,In Stock
Macbook Pro - M2 Chip,"Rs. 1,743",12 Months,In Stock
Macbook Pro - 8th gen,"Rs. 5,689",12 Months,In Stock
Macbook Pro - Intel Core i7 (7th gen),"Rs. 5,476",12 Months,In Stock
HP Notebook 348 G4,"Rs. 2,169",12 Months,In Stock
Dell Precision 3520,"Rs. 2,276",12 Months,In Stock
HP Elitebook 840 G3,"Rs. 2,134",12 Months,In Stock
HP Victus - 12th gen,"Rs. 4,836",12 Months,In Stock
iMac - Intel Core i5,"Rs. 5,903",12 Months,In Stock
Dell Latitude 7490,"Rs. 3,698",12 Months,In Stock
